,product title,price,keyword
0,"2020 New Design Acrylic Nail Lamp, Led Nail Lamp Private Label Uv Light Nail Dryer 72W",16-39 Pieces:$45.00;40-95 Pieces:$37.00;96-399 Pieces:$32.00;>=400 Pieces:$23.00,"led nail lamp privat label,UV LED NAIL LAMP,professional uv nail lamp"
1,PRITECH New Arrival Personal Care Finger Touch LED UV Lamp Electric Nail Dryer,1000 Piece/Pieces Led Electric Nail Dryer:$3.00 - $5.00,"Led Nail Dryer,Led Electric Nail Dryer,Nail Dryer UV Lamp"
2,SUNUV SUNmini Plus UV LED Lamp Mini Portable Nail Dryer With USB Cable Gel Nail Polish Dryer NL032,48-95 Pieces:$12.00;96-299 Pieces:$11.00;>=300 Pieces:$10.00,"SUNmini Plus UV LED Lamp,Mini Lamp Nail Dryer,Gel Nail Polish Dryer"
3,Salon Machine 12 Leds Portable Mini Nail Dryer 36W UV Nail Lamp,6-199 Pieces:$2.02;200-999 Pieces:$1.95;>=1000 Pieces:$1.88,"portable uv curing lamp,finger uv led gel lamp nail dryer,30w led nail lamp"
4,Blueque rechargeable nail dryer machine 24w mini uv led nail lamp,100-499 Pieces:$7.65;500-999 Pieces:$6.80;>=1000 Pieces:$5.95,"24W uv led nail lamp,nail dryer machine,mini nail lamp"
5,Nail lamp SUN pro mini 24W led uv lamp,1-29 Pieces:$8.00;30-299 Pieces:$5.50;300-999 Pieces:$4.50;>=1000 Pieces:$3.80,"ballast for uv lamp,lamp nail,submersible uv lamp"
6,N368 Mini LED Uv Gel Curing Lamp Without Battery Portability Nail Dryer LED Flashlight Nail Lamp,167-999 Pieces:$0.36;1000-2399 Pieces:$0.35;2400-3999 Pieces:$0.34;>=4000 Pieces:$0.32,"led nail lamp,uv led lamp nail,nail led lamp"
7,UV LED Lamp Nail Dryer Portable USB Cable SUNNAIL mini UV nail lamp For gel polish,2-29 Pieces:$5.00;30-599 Pieces:$4.00;600-1199 Pieces:$3.50;>=1200 Pieces:$2.90,"UV LED Lamp Nail Dryer Portable USB Cable SUNNAIL mini UV nail lamp For gel polish,USB nail lamp,Nail Salon"
8,Cheaper led lamp 6w mini sun gel polish nail dryer uv lamp,2-49 Pieces:$35.00;50-99 Pieces:$3.00;>=100 Pieces:$2.50,"uv led lamp,6w mini nail dryer,gel polish lamp"
9,9W Power Small Size Portable Mini UV Nail Lamp 3pcs LED Light Beads Intelligent Infrared Sensor Nail Polish Dryer,10-49 Pieces:$5.00;50-99 Pieces:$4.00;100-499 Pieces:$3.00;>=500 Pieces:$2.00,"9W Power Intelligent infrared sensor nail polish dryer,mini uv led easy to carry  nail polish dryer,Automatic induction nail desk lamp uv led dual light source nail polish dryer"
10,mini uv led lamp,1 Piece:$8.00,"uv led lamp,uv lamp,mini uv lamp"
11,2019 Professional Cordless Portable Rechargeable mini UV LED Nail Lamp with Battery Gel Nail Dryer,1-11 Pieces:$10.00;12-23 Pieces:$9.50;>=24 Pieces:$8.50,"nail lamp,mini nail lamp,led uv nail lamp"
12,New style 6w uv led nail lamp wholesale sun mini nail lamp,50 Piece/Pieces mini nail lamp:$0.90 - $1.60,"mini nail lamp,sun mini nail lamp,6w nail lamp"
13,Home Use 6W Fingernail Polish Dryer And Price Guaranteed Sun Mini Led Uv Nail Lamp,5-499 Pieces:$5.00;500-999 Pieces:$4.40;>=1000 Pieces:$2.69,"sun mini,6W Sun Mini Led UV Nail Lamp,Nail Polish Dryer"
14,2019 hot sale UV tip polish portable mini nail dryer lamp for women,1 - 49 Pieces:$2.00;50 - 99 Pieces:$1.90;>=100 Pieces:$1.80,"mini nail dryer lamp,portable nail dryer,tip polish dryer"
15,mini 6w UV LED Lamp Nail Dryer Portable USB Cable sun mini UV nail lamp For gel polish,5-19 Sets:$3.92;20-99 Sets:$3.72;>=100 Sets:$3.62,"nail set gel uv lamp,mini 6w UV LED Lamp,Portable USB Cable sun mini UV nail lamp"
16,"Best Selling Nail Tables Mini Led Lamp Nail, Hot Selling Lamp Uv Mini Uv Led Nail Lamp",36-359 Pieces:$13.00;>=360 Pieces:$9.00,"nail gel lamp,Best Selling Nail Tables Mini Led Lamp Nail,Hot Selling Lamp Uv Mini Uv Led Nail Lamp"
17,Portable Mini Nail Lamp SUNmini 6W UV Led Nail Lamp,50-199 Pieces:$1.99;200-499 Pieces:$1.89;>=500 Pieces:$1.50,"UV Led Nail Lamp,6W UV Led Nail Lamp,Portable Mini UV Led Nail Lamp"
18,Wholesale good price 818 36W gel polish dryer mini UV led nail Lamp,1 - 99 Sets:$8.50;100 - 499 Sets:$7.00;>=500 Sets:$5.00,"gel polish dryer,UV led nail Lamp,818 Dryer Nail"
19,Energy-Saving and Portable Sun light Mini 6W UV led nail lamp for curing gel polish,1 - 299 Pieces:$4.00;>=300 Pieces:$2.90,"6w uv led nail lamp,hot selling Sun mini uv lamp,best uv lamp for gel nails"
20,portable 6 w 6 leds automatic sensor mini nail beauty uv lamp,10-49 Pieces:$2.10;50-499 Pieces:$1.98;>=500 Pieces:$1.78,"nail beauty uv lamp,mini nail uv lamp,mini nail lamp"
21,Gel Nail Polish UV Led Lamp/Cordless Led Nail Lamp/Mini UV Nail Lamp SUN mini 6W,100-999 Pieces:$1.56;1000-4999 Pieces:$1.40;5000-9999 Pieces:$1.20;>=10000 Pieces:$1.08,"Gel Nail Polish UV Led Lamp,Cordless Led Nail Lamp,Mini UV Nail Lamp"
22,LED UV Mini Nail Dryer Curing Lamp for Fingernail Gels Based Polishes,1 Piece/Pieces:$0.50 - $2.00,"LED UV Mini Nail Dryer Curing Lamp,for Fingernail Gels Based Polishes,LED UV Nail Dryer Curing Lamp for Fingernail Gels Based Polishes"
23,2020 Amazon New Product Gel Dryer Nail Lamp Built-in Cooling Fan Two Hands Mini UV Nail Lamp,5 - 79 Pieces:$20.80;80 - 149 Pieces:$19.50;>=150 Pieces:$18.80,"Mini UV Nail Lamp,Gel Dryer Nail Lamp,gel nail dryer"
24,NEW 48w UV LED Nail LAMP with Timer Screen MINI Led Nail Lamp UV Curing Lamp,2 Pieces:$3.50,"UV Curing Lamp,48w UV LED Nail LAMP,MINI Led Nail Lamp"
25,2019 New Design Sun 6X 12w Small Body Easy Apply Mini Nail Dryer UV/LED Lamp,100 Piece/Pieces:$2.15 - $3.25,"uv lamp,nail dryer,high quality nail lamp"
26,SUNmini2 portable mouse shape travel nail dryer UV LED gel nail polish lamp light for wholesale Nail Dryer Portable USB Lamp,20-49 Pieces:$2.60;50-199 Pieces:$2.45;>=200 Pieces:$2.20,"SUNmini2 portable mouse shape travel nail dryer UV LED gel nail polish lamp nail lamp for wholesale,VY-201 6W UV LED gel nail lamp portable for home use mini 6w UV LED Lamp Nail Dryer Portable USB Cable sun mini UV nail lamp For,SUNmini nail dryer 6W UV LED Nail Lamp light USB connector portable nail beauty tools"
27,Hot Selling Portable 6w Mini  Mouse UV/Led Nail Lamp for Curing Nail Gel,100-499 Pieces:$1.35;500-999 Pieces:$1.30;>=1000 Pieces:$1.25,"mini nail lamp,nail dryer,6w nail uv lamp"
28,portable usb mini UV lamp nail gel polish dryer led rainbow lamp,5 - 99 Pieces:$1.92;100 - 499 Pieces:$1.81;>=500 Pieces:$1.70,"nail polish dryer,usb mini nail dryer,led uv lamp"
29,Portable Mini UV Light for Nails Gel Polish 6W SUN MINI UV LED Nail Lamp,100 Pieces (1 lot):$3.50,"mini uv light for nails,mini led lamp for gel nails,sun mini uv led nail lamp"
30,Nail Dryer Mini LED Flashlight 1 pcs UV Lamp Portable For Nail Gel Fast Dryer Cure 4 Colors Choose Nail Gel Cure Manicure Tool,1 Piece/Pieces:$1.00 - $1.40,"Nail Dryer,LED Nail Dryer,Gel nail polish dryer"
31,"Mini Gel nail lamp Portable Curing light UV LED nail dryer for Gel Nail Polish,2 Timing Setting 45s/60s",3-19 Pieces:$1.60;20-199 Pieces:$1.28;200-499 Pieces:$1.09;>=500 Pieces:$0.98,"2020 New Sun Mini 6w 12w Led nail lamp gel polish nail dryer,SUN mini 6w UV LED Lamp Nail Dryer Portable USB Cable sun mini UV nail lamp For gel polish,2020 Professional mini smart uv 6W led table nail lamps for manicure"
32,Nail kit K1 personal 2W UV LED Nail Lamp,>=1000 Units:$1.65,"mini nail dryer mini uv nail lamp,uv led nail light k1 led nail lamp,nail lamp set"
33,SUN mini UV Lamp Nail Dryer 6W USB Nail Lamp,50 Piece/Pieces:$2.50 - $3.50,"mini usb led lamp,uv led nail lamp,uv lamp for nail"
34,XULIN Wholesale Mini UV Nail Lamp 9W Gel Nail Dryer Colorful UV Lamp LED Nail,20-49 Pieces:$15.90;50-100 Pieces:$13.25;>=101 Pieces:$10.60,"UV Lamp LED Nail,Gel Nail Dryer,Mini UV Nail Lamp"
35,Mini UV Gel  LED Lamp /6W UV Lamp/Nail Lamp/,200 Pieces:$9.20,"UV Nail Lamp,led lamp"
